CSC,UPC
000678,678
000699,8112820143
000804,8218405553
000816,9203204346
000866,8807618603
000891,891
000962,962
001047,8807618487
001176,8807617922
001221,8807618513
001334,8529350011
001400,8200078921
001418,4204700002
001435,8410411791
001437,9115600119
001799,8700020115
001876,8515637511
004111,8330007204
004113,4113
004122,4122
004152,811538013635
004178,5914100409
004193,4193
004199,5048300051
004200,5048300063
004226,8954035284
004232,4232
004246,8175383290
004248,4248
004251,4251
004285,8954046588
004350,8366487413
004356,8366411221
004357,8366487300
004695,8723670037
004716,8700065167
004717,8043240043
004718,8700065165
004736,8700000654
004769,8807616348
004773,8807618143
004778,8807617629
004780,8811009005
004785,8807618496
004788,8807616346
004796,8975642004
004801,5060116324976
004811,5060116324976
004825,8764711167
004827,8764711214
004828,8764711168
005075,8043210151
005078,5078
005090,5090
005103,8175381086
005104,8175383149
005105,8330007568
005106,8366410139
005133,8175381081
005136,8175381084
005153,8043210975
005157,8366499041
005159,83664873460
005182,5182
005186,6019384194
005201,5201
005215,8112800212
005231,8366487369
005446,8954033805
005447,5447
005449,5449
005481,5481
005486,8723610000
005535,5535
005545,5545
005551,5551
005552,5552
005553,5553
005555,5555
005560,5560
005586,5586
005587,5587
005596,8970800001
005606,8970800003
005615,8807618173
005821,8807618291
005824,8807618349
005829,60399687270
005842,8043211492
005844,8366487422
005856,5856
005861,8807618308
005862,8807618307
005863,8807618305
005864,8807618303
005865,8807618304
005866,8807618302
005867,8807618309
005868,8807618306
005877,8807618385
005889,5889
005890,8807618411
006129,8807618786
006137,6137
006145,8807618839
006158,8807618770
006176,8807618771
006189,6189
006196,8807617902
006197,8807618633
006198,8807616471
006203,6203
006205,6205
006206,8811017005
006236,8068680520
006272,8807618170
006295,6295
006316,8889316100
006317,8427997618
010790,8200077658
010791,8200077659
010797,8200077480
010802,8200078291
010805,8200077155
010807,8200077156
010809,8200077159
010812,8200000373
010826,8200000382
010828,8200077337
010830,8200078949
010835,8200078526
010836,8200075043
010837,8200075044
010839,8200077306
010840,8200077637
010842,8200079255
011777,9674900305
011788,9674900304
011936,8292822340
011940,8800401931
011941,8800401930
012284,8066040230
012286,8066040235
012287,8066040233
012288,8066040231
012308,8970870025
012316,8970873390
012408,8292839981
012467,8800404826
012476,8800404825
012478,8800404827
012885,8954033296
012887,8800400034
015248,8427900573
015296,8068650043
015320,5146000236
015492,5003759603
015518,9471263358
015530,818844023747
015534,15534
015578,8427900575
015586,8085322899
015604,8711600058
015622,8043250012
015626,8043250217
015627,8043250011
015628,8043250018
015639,15639
015644,8043250014
015646,8043240404
015918,15918
015924,15924
015933,1651190528
015934,15934
015937,8955200320
015940,8954038396
015945,8366487249
015961,904230044987
015962,904320103776
015967,4904235800
015979,904230044574
015980,8068693405
015982,8068695701
015983,904230044581
015986,8885700162
015996,8885700161
016002,8885700181
016580,8068601540
016582,16582
016620,8218400594
016634,
016659,8068601247
016673,8068601212
016676,8068601240
016679,8068601220
016685,8068601234
016796,16796
016809,8024400940
016829,16829
016832,16832
016841,8024400939
016850,8024400203
016882,16882
016906,8700001140
017929,9674900386
017943,
017946,17946
017948,8410411211
017954,9674921642
017956,9674902134
017957,9674902124
017958,9674902114
018006,8024400923
018046,9674902132
018095,9674900298
018120,9674975001
018201,8835213542
018203,8835213909
018290,8366487390
018348,4006340031
018350,4006340002
019017,19017
019026,8068603440
019044,19044
019045,19045
019046,19046
019054,19054
019063,8068600170
019064,8068600160
019066,8068600140
019067,8068600120
019068,8068600110
019112,8068600501
019226,8068601676
019228,8068601694
019231,19231
019239,8068601678
019240,8068601639
020150,
020246,8625924547
020248,8625924562
020307,5003036502
020318,8835213336
020366,8112800508
020374,8112800109
020375,8112800173
020376,8112800115
020380,8112800266
020920,8068617602
021016,
021022,21022
021030,
021059,4750010176
021181,6567400016
021184,856581006142
021598,9854013454
021600,8800400552
021602,8800400549
021607,21607
021906,
021947,21947
021986,21986
022026,22026
022037,22037
022042,
022044,22044
022046,
022073,22073
022086,
022094,22094
022097,22097
022102,22102
022270,8112800270
022271,8835213627
022273,8112800306
022274,8112800293
022279,8112800321
022283,8835213914
022284,
022285,8112800322
022390,9674904478
022756,8068601217
022788,8068602810
023056,5382600500
023512,6000397089
023536,5204500701
023708,8292820041
024182,24182
024420,5736100720
026102,8218400637
026104,8600326708
026143,8600326720
026196,26196
026197,3604000324
026208,5204500746
026210,5204500737
026239,5218400504
026285,9674900500
026334,26334
026340,26340
026352,8218400523
026363,26363
026370,8068602178
026412,9674900351
026433,26433
026483,5751900432
026820,8218489050
026823,8281409052
026826,8218409046
026827,8218409044
026828,8218409042
026858,7208159201
026884,8218400428
026906,8218408700
026913,26913
026925,5896400679
026936,4023256122
026949,5042400276
026960,8068601677
026966,4023255544
026987,5852700408
027000,27000
027001,8068602001
027114,9674900081
027116,8043255717
027117,27117
027118,27118
027119,5439600526
027124,27124
027125,27125
027126,8043210442
027130,8112800064
027145,5146000225
027167,8853213160
027171,8835213170
027189,8068601214
027201,6152600266
027217,27217
027218,27218
027228,9674900177
027835,8200077636
027878,6152600264
027884,27884
027921,27921
027948,
027978,6599104040
028002,5382600529
028015,6414500033
028043,8068600685
028052,6414500031
028086,8975629104
028088,8975629102
028096,28096
028137,856282005314
028153,28153
028167,5928800744
028196,28196
028858,8807618462
028860,8200077379
028865,8811011064
028866,8850811030
028868,8850811050
028877,8807618210
028886,8811015860
028890,8807616864
028893,8048098600
028905,8723670036
029054,5928800709
029058,5928800734
029120,5350700002
029208,8410416182
029287,8066041133
029288,8066041131
029326,6416400001
031862,8711619034
031982,6599105000
032112,32112
032236,8700000729
032238,8700070065
032369,32369
032650,8592410031
032711,32711
033256,8700000133
033258,8700020183
033312,33312
033418,33418
033420,33420
033467,3522901027
033508,33508
033621,8970846078
033658,33658
034425,8308955017
034433,8048028002
034449,8515600750
034454,8515612215
034456,8515651541
034457,8515661041
034458,8807618553
034510,8810091561
034514,8620839077
034515,8620839071
034527,8620839076
034546,8835212318
034578,8970846522
034579,8970846542
034729,8366487214
034736,8954043681
034744,34744
035356,35356
035416,9674900204
035418,9674920031
035453,35453
035469,35469
035505,8970846060
035549,35549
035619,35619
035626,8970846070
035628,8970846074
035699,8835212527
035902,7485438212
035929,5751900403
035948,8992821431
036090,5382600501
036117,5751900400
036122,5606500203
036908,8559210451
036924,8068695802
036968,8500019481
036969,8500001949
036970,8500001950
036971,8500001951
036991,36991
037022,5453003310518
037044,37044
037067,8900001224
037137,5751900431
037231,37231
037240,37240
037298,37298
037302,37302
037336,8711601467
037338,8711601463
037990,8779020636
037993,8200000008
037994,8200000679
037996,8200078813
037997,8200000005
037998,8200072760
038008,8200072760
038064,8800400007
038066,8800401014
038067,8800401013
038068,8800401012
038084,8800412762
038086,8800401274
038087,8800422754
038088,8800401272
038091,8800403037
038093,8800403035
039424,8500003136
039450,39450
039452,39452
039466,8500002431
039492,8500002962
039593,6152600260
039601,5859400444
039651,5593900717
039671,8559216005
039682,5859404405
039694,8711601905
039709,8559215715
039715,8200078209
039777,39777
039782,39782
039856,39856
039864,8200000562
040831,40831
040886,8200074966
040977,40977
040992,8200074426
041076,8200000202
041146,8800401652
041192,41192
041286,8900011425
041299,9674920108
041313,9674920100
041315,96749201020
041316,9674920037
041360,8711601487
041692,8711601452
041693,8711601448
041750,9492224615
041833,8835210005
042632,42632
042636,6964904291
042646,42646
042666,8912023354
042676,8954047239
042687,8954052010
042699,8954046308
042714,8954044903
042716,8954051306
042717,8954044897
042718,8954044932
042753,42753
042777,9901300055
042849,9552115113
042983,42983
043026,9674908625
043028,9674908626
043265,43265
043296,8700000332
043302,8200075790
043314,8200000496
043316,8700020178
043322,8200076631
043323,8200077289
043328,8200076682
043330,8200076685
043334,8700000277
043336,8700080252
043337,8700000270
043338,8700020115
043362,8200077273
043371,43371
043388,8048006520
043410,8800403999
044087,9674900252
044134,8800401789
044175,44175
044241,8048098834
044245,44245
044258,9674901168
044259,9674901165
044260,9674901149
044275,9674920401
044277,9674920403
044369,8200080226
044410,8284400042
044412,8284400022
044419,8068697013
044442,44442
044448,44448
044456,8901600753
046002,5688100464
046015,6535300020
046060,6841700010
046093,46093
046137,8160750052
046187,8160750012
046206,861139000459
046240,46240
046293,860008797384
046458,46458
046462,46462
046466,46466
046468,46468
046484,8800402060
046503,46503
046504,46504
046506,46506
048375,48375
048417,48417
048656,8043240099
048696,8043240081
048725,8723600160
048816,8043210126
049086,8723600211
049156,8723600233
049185,8723601216
049186,8723600116
049816,8678551115
049830,8036873500
050686,8835211000
051036,8249680101
051041,8500100441
051109,8200000576
051158,870926000203
056326,8835211867
056749,5751900456
056757,8200079865
056768,8800404558
056789,8366487470
056828,8048098355
056840,8048098561
056846,8048098562
056850,8048098559
056874,56874
056942,56942
057020,8068601923
057037,5764100277
057129,8900054781
057148,8900001875
057157,8900050030
057171,8900018796
059161,59161
059182,59182
059231,8800401594
059410,59410
059412,59412
059416,59416
059436,59436
059534,8068600475
059536,8068600477
059551,8068600473
060033,60033
060140,8200079623
060142,8200079621
060144,8200079625
061202,8500042627
061204,8500002926
061206,8500042925
063311,63311
063319,63319
063321,63321
063345,63345
063347,63347
063500,63500
063501,63501
063530,8954033162
063550,8200016085
063758,8807618479
063762,8559215931
063773,8807618485
063777,8807618500
063884,63884
064000,8976821102
064052,8068625241
064085,8469220174
064676,8438042004
064692,8974475626
064693,64693
064696,9744329615
064704,64704
064706,9744329561
064716,8807617740
064717,8974432960
064720,64720
064736,64736
064737,64737
064738,64738
064774,8751221307
064775,8723656569
064776,8723656510
064799,9880400500
064819,8976824100
065200,8559212104
065209,85592121067
065232,8366487367
065253,8308966040
065254,8308966035
065256,8308966095
065257,8308966015
065258,8308966017
065260,8308999989
065267,65267
065307,8366487412
065327,8608900006
065332,8807618389
065352,65352
065368,8308900013
065375,65375
065426,65426
066226,8850834030
066231,7686800010
066240,9024153040875
066241,9024153040523
066258,66258
066516,7394342591
066518,8500002334
066524,8500003577
066636,8800403747
066725,66725
066737,66737
066790,8410410181
066799,8410410182
066810,8366487020
066836,9880400100
066929,66929
066932,8200080481
067902,8676770517
067905,8676770505
068009,8676770513
068011,8676770483
068017,68017
068022,8676770176
068024,8676770544
068034,8676721009
068036,8676721006
068038,8676721002
068042,8676770466
068049,8676770438
068052,8676770501
068059,8835213612
068126,68126
068128,8954031061
068148,68148
072911,8200079265
072913,8200078129
072916,8200078456
072928,8200079417
072956,8970800221
072966,8900019019
073054,9035500100
073055,9035500102
073062,9035500151
073065,9035500155
073150,8955200052
073200,8200079823
073520,73520
073526,8223058413
073598,73598
073599,73599
073702,9674902180
076072,76072
076084,76084
076413,76413
076478,9674994003
076497,818844024324
076505,810088370267
076556,76556
076824,8835214012
076830,8200080218
076905,8575194223
076906,76906
076908,76908
076910,857519004117
076912,76912
076916,76916
077065,77065
077102,77102
077847,8200072401
077849,8200072404
077852,8200000117
077858,8200075751
077860,8200075798
077875,77875
077880,8200076996
077900,8200077543
077903,82000775836
077956,8200077863
077988,8200078353
077990,850066007020
077992,850066007082
077996,77996
078008,8200078841
078021,8200078666
078071,8200079082
080458,8602401541
080478,80478
080491,9685913738
080531,80531
080545,80545
080574,8835211903
080576,88352118857
080588,8835211890
080826,8800401548
082146,8835211886
082356,82356
082606,82606
082618,82618
082636,82636
082766,82766
082786,82786
082830,82830
086002,8800405128
086004,8800405131
086006,8800405130
086008,8800405129
086110,86110
086118,86118
086125,86125
086259,
086390,86390
086438,86438
086455,9674900345
086490,8800403612
086492,8800403611
086494,8800403613
086503,86503
086523,865609000369
086545,8800403871
086969,86969
087013,87013
087014,87014
087026,87026
087030,8985889002
087078,8835213625
087103,8807618695
087123,87123
087132,87132
087145,87145
087202,87202
087219,87219
087234,87234
087250,87250
087266,87266
087276,87276
087279,87279
087623,87623
087643,87643
087644,87644
087646,8835212651
087679,87679
087689,87689
087707,87707
087708,87708
087712,87712
087720,87720
087721,87721
087722,87722
087723,87723
087725,87725
087746,87746
087827,87827
087832,87832
088321,88321
088350,88350
088354,88354
088361,88361
088363,88363
088367,88367
088369,88369
088371,88371
088372,88372
088401,88401
088406,88406
088448,88448
088477,88477
088533,88533
088536,88536
088546,88546
088548,88548
088924,88924
088935,88935
088947,88947
088980,88980
088990,88990
088991,88991
089015,89015
089016,89016
089017,89017
089121,9813500002
089123,89123
089139,89139
089152,89152
089154,89154
089164,89164
089175,89175
089177,89177
089443,89443
089468,9674990804
089470,9674990855
089488,89488
089528,89528
089529,89529
089533,89533
089554,89554
089576,89576
089578,89578
089580,89580
089583,89583
089610,89610
089617,89617
089624,89624
089626,89626
089640,89640
090106,90106
090198,9479902001
090219,90219
090224,9479902016
090297,90297
090298,90298
090299,90299
090306,90306
090364,9479901128
090555,9599100221
090704,90704
090794,90794
090814,90814
090820,90820
090824,90824
090844,90844
090854,90854
092634,92634
092674,92674
092718,92718
092958,92958
092963,92963
092974,92974
093146,93146
093204,93204
093519,93519
093884,93884
093964,93964
094628,94628
094684,94684
095154,95154
095256,95256
095664,95664
095748,95748
098534,98534
098720,98720
098747,98747
098774,98774
099174,99174
099234,99234
099674,99674
099754,99754
100015,8800402272
100018,100018
100023,100023
100024,9856300213
100032,8175383260
100040,2105902509
100077,8115381458
100104,4460703728
100148,8218420335
100576,5003794480
100591,8807618275
100593,100593
100600,81128201982
100618,2704041198
100630,8200078925
100631,5896400685
100639,8200078908
100667,2081595023
100744,8218434037
100748,100748
100765,8200079134
100766,1175102311
100775,2173300418
100776,2173300417
100793,100793
100799,2173300416
101174,8200079448
101183,5003709701
101192,8308900020
101193,101193
101194,101194
101195,101195
101250,9479920339
101257,1884402129
101267,8807618561
101300,8218420543
101312,44607208826
101331,8807618593
101332,8218420539
101333,8112820288
101384,2081593263
101385,2081592203
101386,2081595033
101696,101696
101707,8676770540
101770,8308900025
101773,1084503014
101790,8807618788
101791,8200080108
101792,8807618792
101794,101794
101815,9674900404
101834,101834
101841,9674900406
101867,6000862750
101891,5149732639
101909,
101915,5705000535
101916,2081593265
101917,1245910191
223900,223900
225740,225740
226725,8700035821
226910,226910
229120,9798582795
229810,8700035244
230770,760020135188
231385,8700034743
236600,3371236170759
237200,8700033669
241070,8396014401
241140,8124850020
244100,244100
244135,244135
250905,8983200004
252595,8469240024
252632,8469262301
274790,8711311522
275060,8700030175
275090,8832000196
275250,8469262599
277634,8678519251
277978,8366487455
278093,278093
278215,5362510340
279650,8974476409
281210,5976033211
281218,5976033111
281332,281332
281622,281622
282390,9055950100
282705,282705
282736,3125902717
283720,3105714950553
302850,8310300001
303382,80368998508
303548,303548
317424,8425585037
319592,8425585041
325026,8425560014
325030,8425560008
325050,80368998003
329515,8847402240
329940,8427997872
329955,8427998197
341160,8981950241
341415,8689108382
341446,4878960003
341649,8002235007337
341743,8500001217
341937,8974475195
347210,8775200564
348200,8500000444
348205,85000004245
349002,8033971035612
349050,349050
349600,8974476643
349810,8974476647
352510,8469247980
353600,8469242204
353805,353805
354315,8941900210
354317,8469243924
355397,355397
355471,8981911662
355750,8678521448
355755,8678521150
355800,8678521308
367337,367337
367388,6005396090
367738,8858600317
367942,8032894420154
368152,368152
368180,368180
368896,9998600100
369525,369525
369650,369650
370188,8724188109
370190,370190
371600,371600
373060,8469247994
374848,374848
375300,375300
378490,378490
378658,8427997763
382465,9870933600
382625,382625
383840,8052745810026
383976,9870927005
384125,384125
384131,384131
384134,384134
384137,4878950014
384600,384600
384606,384606
390000,9870943410
390020,9870943740
400421,7405300109
400425,400425
400426,7405300018
400427,740530017
400715,8904609603
403296,8224201236
403298,8689107138
403620,8700031505
403736,8981906720
403760,403760
403777,8974475052
403779,8974475050
403784,9318560010034
403985,804387001024
404010,404010
404020,8811083129
404040,8811083126
404115,8832034102
404362,7804639690556
404364,7804639690372
404475,852835104810
404478,404478
408172,9798514223
408178,9798513749
408185,8130800043
408673,6774900210
408700,6774900227
408771,6774901802
408871,408871
408872,408872
408874,408874
408875,408875
408878,736040541677
408879,408879
409090,809537002005
409133,9479902073
409712,8341700767
409900,8974442370
410295,5977500115
412288,9327017000894
412648,9300694000500
412840,4837500115
412842,8483752416
412844,8483752072
413090,8678866699
415423,415423
415425,415425
415500,5228200297
415610,8678545000
415740,8427646100956
415850,9659900202
415880,9659900203
416044,416044
416165,416165
416170,416170
416272,416272
419681,8273462094
419906,9991100047
419908,9991100030
419911,9991100046
419952,419952
419955,419955
419959,419959
419961,419961
419973,8981972144
420028,8143431530
420430,8043234107
420435,8043234007
420480,8043235407
420536,9492222084
420668,7066100816
420686,7066100802
421065,809537000094
426194,8437005360044
426336,9450906001
426674,8858600609
426869,8858600631
426934,8689108304
427810,8811015896
428390,8974440255
428448,8974440258
428700,8974440254
428715,8312000227
428815,8437016956236
428850,428850
429085,429085
429149,8823200316
429411,429411
429423,429423
429460,9870919800
430992,9293100034
440050,6867508592
440060,440060
440068,8289600220
440457,8012011503
440980,8012028151
441125,8012028156
441900,8579806872
441942,441942
441955,441955
441962,441962
441976,8500001774
441977,8500002348
441978,8500002490
441988,8500003214
441991,441991
442277,442277
444570,8143471001
444572,8143470019
444587,8143400002
444600,8143450016
445020,8088749631
445022,8088749643
445030,8088749385
445040,8088749398
445073,8088749396
445100,8088749374
445140,8678804227
445270,8858600924
445300,8224201495
445303,8224213741
445307,8224201041
445315,8224201606
445605,8981905196
450130,6943420126
450180,450180
450200,8469247914
450658,4837500721
450769,4837500054
450771,4837500247
450833,8500001799
451730,6494500000
451750,8500002042
452237,8383700610
452241,8383700617
452500,5789179920
452926,8105400209
452963,8981953701
455350,5662200111
455901,455901
456384,8130803566
458792,458792
460353,460353
460388,6166600025
460389,9794100052
460439,8130800372
460440,8130859187
460443,8130800028
460448,8130800200
460450,8130800125
460480,8600325600
460539,5772572149
460667,9040900252
460672,8500002030
460674,8500002074
460676,8500002379
460677,8500002610
460682,460682
463202,6577600007
463233,9905500201
463285,8468700747
463290,8468700106
463350,8308550250
463900,8503020032
463906,8503020031
464000,464000
464230,9865284001
464450,8689108318
464475,464475
464500,464500
464507,464507
464525,464525
464550,464550
464685,8289678040
464700,8289670013
468070,468070
468770,468770
468820,8072000061
468840,8072200004
468843,468843
468858,8072000063
468870,9991100066
468914,767749015152
469465,8500000947
469662,8500001716
470127,8500000501
470200,5226000400
470240,5644200535
470250,5228200280
471200,8500001413
471239,8224201384
471244,8224229343
475024,8383702000
475048,8130800443
476426,5603600105
476484,8858600785
476492,476492
476493,476493
476530,476530
476576,8224292343
477470,477470
477510,8912128812
477520,8912114842
477675,8912128811
477790,8912140852
477801,8912134852
477805,8912118852
477852,477852
477880,5740700206
480742,9875600147
480744,9875600157
481020,851645004058
481380,8105499707
482000,482000
482600,8474500001
482610,8474500006
482620,8520010225
482705,8597603406
483202,483202
483204,483204
483250,483250
483420,8517180004
483625,8689102543
484295,8500001164
484705,8500001163
485388,8500001526
489382,8372202839
489388,8500001227
490357,8308570214
490360,8372293013
490372,9141100112
490394,490394
490618,8601400074
490636,490636
490638,8601400075
490674,8858600025
490692,490692
490853,6867511842
490934,8105438435
490936,8105438447
490938,8105400574
491040,9645200100
491067,9819400208
496974,8500002644
497364,5988900600
497368,5988900630
497907,9589334263
497948,497948
498005,8600305184
498012,8308522026
498015,8600300160
498027,8600306191
498033,8600300042
498040,8600309193
498044,8600378021
498060,8600306192
498065,8308590628
498105,8600381185
498110,8600381385
498118,8600300049
500920,500920
501910,8105499593
501915,501915
501960,501960
501962,8469261764
501982,501982
502175,8771265126
502200,8771210124
503800,503800
503810,503810
503815,503815
504400,8600325800
504766,8689107291
506200,8520000578
506207,5913900192
506450,8823200513
506470,8823200261
510482,510482
510505,8853400143
510520,8853400147
510557,8858600186
510570,8858660791
510572,8858666193
510605,8858660183
510606,510606
510700,8858660283
510720,8858600075
510920,8981904585
511030,8981904240
511040,8981904441
511222,511222
511290,511290
511495,8869284021
511580,8869286023
516690,8520000500
516698,8520000503
516720,5789170242
516732,516732
516736,8682830025
516737,8682830026
516800,8500000249
516810,8500000269
516815,8500000223
516820,8500000251
516936,5348200500
516937,5348200506
516938,5348200505
516939,5348200507
516974,85211469075
516976,516976
516980,8521449075
541460,8012028153
541941,8012028163
542229,542229
543328,8023200003
543400,8500001973
544075,544075
544077,544077
544078,8500001444
544079,8500001443
544100,8500003192
544109,8500001668
544110,8500001667
544117,8500001813
544120,8500002115
544130,8538686000
544134,8538686321
544637,544637
551236,8130800084
551250,8600325300
551253,8474500200
551305,8469247894
551320,8469247934
551365,551365
551380,8469247904
551880,8500001637
551896,551896
552225,8105481440
552500,8383700576
552503,8383700303
552607,552607
552810,5644200559
552845,8981954002
552925,8190863107
553003,553003
560596,85000020319
560598,8500002292
560599,8500002528
560603,8500003122
560755,560755
560930,560930
560947,6957601921
561015,8224201325
561022,8224201293
561023,8224201569
561029,8224201042
561032,8224201331
562180,8249108202
562287,960254960254
562400,562400
562460,8364887131
562470,8364800015
565702,8858600687
565706,8858600572
565715,8858600176
565930,8312010199
566200,566200
566202,566202
566204,566204
566215,566215
566221,566221
566225,8308520052
566375,8312010289
566460,8312010279
566520,8321010299
566575,8312010039
567170,567170
567415,567415
567450,567450
575235,8775400010
575530,912696912696
575554,575554
575558,575558
575560,8483752348
575562,575562
575564,575564
575722,8130800444
575820,575820
578900,8912106882
578903,8912106881
579058,8912129852
579185,8912135852
579271,7246241160
579279,8105400502
579682,579682
579685,8985000038
583650,583650
583815,8500001839
584050,8858601288
584052,8858601014
584430,8105499708
585460,585460
586415,8597603407
587565,587565
587572,8453000001
587580,587580
587591,5955100129
587592,5955100100
588531,588531
588634,9988071782
588637,9998871393
588640,9998807105
588642,9998807189
592539,592539
592563,8224256213
592628,8105438440
592910,9819400200
593095,8682891012
595100,9955210127
596240,8682800015
596405,8682800003
597328,9120209724
597774,597774
600318,8698200100
600600,8500000120
600640,8500000679
602520,602520
602686,8453000011
604152,604152
604320,604320
611900,611900
611910,611910
611980,9154000161
614116,8520000575
614130,614130
616700,8841578409
617490,8841578465
617510,8841788087
617530,8841788027
617540,8105418440
617541,617541
617558,617558
617570,617570
617585,617585
617590,8869202004
617600,6961120028
617610,769611200314
628737,8981976010
629300,8520000020
629305,8520000062
629307,9801200262
629309,9801200295
630510,7582942501
630780,8520000069
630782,8520000068
630803,8520000057
630810,8520010026
630815,8520000056
630845,8941925808
630948,6626292651
631069,631069
631070,631070
632791,8601280201
632792,632792
633790,8289670025
633870,633870
634522,8474500305
635010,8289671023
635021,8289671027
635315,8043800290
635355,635355
635765,635765
636600,8963624010
638085,8500001812
639620,639620
639948,639948
639950,7133823367
641000,8012028196
641562,8130800480
642100,642100
642105,642105
655458,8312000381
656375,8500007720
656825,8500006520
656932,8500000784
656940,8500000709
657015,8500000182
658205,856036001074
658896,8483754663
659967,8858601253
659971,8858601110
662536,662536
665750,665750
667460,8600325105
670200,946000006
674000,8500000125
674030,8500000692
674340,9865290007
704100,8175383107
704110,8175305012
704350,8175383122
705062,705062
705122,705122
705123,705123
705672,8175382570
707200,8860100300
707305,8860100500
707325,707325
708710,708710
709090,8175383138
709105,8175383315
709306,9274307346
709600,8487880000
710590,8811055605
710701,8811255755
715500,8469250044
720416,7882200110
720455,720455
721006,8500002250
721780,8000872001015
723700,723700
723720,86785212111
723726,8974476500
724545,8130800060
724650,8130800373
725450,725450
725510,8130800132
727225,727225
727510,727510
727550,8832070007
728310,8016441150756
728720,8935201025
737374,7615300254
741200,8500007480
741400,8570000743
741677,8500016046
741690,741690
744200,8380404315
744205,8380404721
744400,8380404723
744403,8380404316
744640,8380404716
745405,8515500001
745620,8858660024
745626,8858600018
747100,747100
748090,748090
748100,748100
750780,750780
769000,769000
769005,8500001759
769008,8500001965
769555,8515500003
769925,8380404719
770380,770380
770450,8469250574
770478,8469251054
770790,8858600727
771052,771052
771152,771152
771154,771154
771158,771158
771160,771160
772645,772645
772649,856036001098
773584,773584
810566,8500027073
812000,8439125382
812131,8312001366
812132,9312001364
814575,8500000768
814578,8500000124
816170,816170
816172,816172
816302,8520000182
816305,8520000186
816307,8520000183
816308,8520000184
840523,840523
882300,882300
882306,882306
884016,884016
884024,884024
900116,900116
900120,900120
900125,900125
900126,900126
900127,900127
900128,900128
900129,900129
900132,900132
900135,900135
900136,900136
900137,900137
900139,900139
900145,900145
900147,900147
900158,900158
900169,900169
900172,900172
900321,900321
900322,900322
900323,900323
900324,900324
900325,900325
900333,900333
900334,900334
900337,900337
900338,900338
900341,900341
900342,
900344,900344
900345,900345
900358,900358
900361,900361
900366,900366
900368,900368
900457,900457
900459,900459
900469,900469
900512,900512
900525,900525
900538,900538
900550,900550
900551,900551
900553,900553
900555,900555
900559,900559
900560,900560
900561,900561
900562,900562
900563,900563
900565,900565
900566,900566
900700,900700
900701,900701
900702,900702
900705,900705
900706,900706
900707,900707
900772,900772
900773,900773
900801,900801
900802,900802
900814,900814
900818,900818
900819,900819
900820,900820
900821,900821
900826,900826
900838,900838
900949,900949
900958,900958
900967,900967
900970,900970
900975,900975
900977,900977
900979,900979
900982,900982
900983,900983
900986,900986
900987,900987
900999,900999
901000,901000
901004,901004
901007,901007
901008,901008
901009,901009
901492,9159699247
901497,901497
901499,9159699212
901506,9159699249
901507,9159699248
901513,901513
901516,901516
901517,9159699261
901518,9159699260
901520,901520
901523,901523
901524,901524
901525,901525
901526,901526
901528,901528
901529,901529
901530,901530
901667,901667
901677,901677
901678,901678
901680,901680
901682,901682
901683,901683
901687,901687
901688,901688
901694,901694
901695,901695
901700,901700
901701,901701
901704,901704
901705,901705
901707,901707
901712,901712
901713,901713
901839,901839
901841,901841
901850,901850
901851,901851
901853,901853
901854,901854
901855,901855
901857,901857
901858,901858
901873,901873
901882,901882
901886,901886
901888,901888
901906,901906
901907,901907
901908,901908
901909,901909
901977,901977
901989,901989
902004,902004
902005,902005
902006,902006
902007,902007
902008,902008
902009,902009
902011,902011
902042,902042
902052,902052
902054,902054
902055,902055
902057,902057
902058,902058
902059,902059
902064,902064
902305,902305
902308,902308
902318,902318
902329,902329
902338,902338
902339,902339
902341,902341
902356,902356
902359,902359
902361,902361
902385,902385
902386,902386
902388,902388
902397,902397
902406,902406
902415,902415
902417,902417
902591,902591
902593,902593
902598,902598
902607,902607
902611,902611
902616,902616
902617,902617
902619,902619
902626,902626
902629,902629
902639,902639
902654,902654
902668,902668
902676,9307026418
902689,902689
902692,902692
902693,902693
902816,902816
902827,902827
902834,902834
902845,902845
902846,902846
902849,902849
902852,902852
902854,902854
902855,902855
902858,902858
902861,902861
902862,902862
902866,902866
902867,902867
902872,902872
902884,902884
902888,902888
903099,903099
903137,903137
903157,903157
903159,903159
903248,903248
903287,903287
903306,903306
903394,903394
903416,903416
903438,903438
903461,903461
903476,903476
903501,903501
903538,903538
903563,903563
903582,903582
903635,903635
904417,904417
904443,904443
904444,9530113249
904445,904445
904474,904474
904475,904475
904500,904500
904516,904516
904525,904525
904590,904590
904591,904591
904592,904592
904593,904593
904619,904619
904705,904705
904711,904711
904719,904719
905369,905369
905377,905377
905388,905388
905398,905398
905409,905409
905426,905426
905428,905428
905454,905454
905475,905475
905494,905494
905500,905500
905532,97546600200
905563,
905701,905701
905703,905703
905717,979070002226
905735,905735
906334,906334
906359,906359
906373,906373
906388,906388
906414,906414
906425,906425
906429,906429
906439,906439
906451,9314663700070
906457,906457
906474,906474
906482,906482
906484,906484
906486,906486
906518,906518
906522,906522
906560,906560
906885,906885
906888,906888
906889,906889
906891,906891
906893,906893
906897,906897
906900,906900
906901,906901
906903,906903
906908,906908
906909,906909
906929,9870902023
906936,906936
906955,906955
906985,906985
906997,9870908248
907025,907025
907540,907540
907542,907542
907544,907544
907545,907545
907580,907580
907618,907618
907619,907619
907620,907620
907622,907622
907623,907623
907630,907630
907633,907633
907639,907639
907640,907640
907649,907649
907657,907657
907666,907666
908053,908053
908083,908083
908110,908110
908115,908115
908129,908129
908146,908146
908164,908164
908175,908175
908178,9865218002
908185,908185
908186,908186
908194,908194
908197,908197
908200,908200
908201,908201
908203,908203
908212,908212
908602,908602
908623,908623
908624,908624
908653,908653
908688,908688
908715,908715
908723,908723
908755,908755
908763,908763
908764,908764
908765,908765
908767,908767
908768,908768
908779,908779
908798,908798
908807,908807
908825,908825
909135,9874390750
909136,909136
909144,909144
909159,909159
909162,9674994100
909163,909163
909172,909172
909175,909175
909176,909176
909178,909178
909184,909184
909185,909185
909201,909201
909234,909234
909236,909236
909238,909238
909251,909251
909467,909467
909479,909479
909484,909484
909485,909485
909506,909506
909527,909527
909544,909544
909563,909563
909576,909576
909588,909588
909589,909589
909592,909592
909607,909607
909608,909608
909609,909609
909630,909630
909634,909634
909746,909746
909760,9242000007
909762,909762
909768,909768
909772,909772
909773,909773
909775,909775
909786,909786
909787,909787
909800,909800
909803,909803
909814,909814
909815,909815
909818,909818
909821,909821
909831,909831
909832,909832
910068,910068
910079,910079
910084,910084
910101,91010109125000
910102,910102
910112,910112
910114,910114
910119,9844900110
910136,910136
910165,910165
910169,910169
910177,910177
910179,910179
910180,910180
910184,910184
910187,910187
910201,910201
910503,910503
910518,910518
910519,910519
910523,910523
910529,910529
910543,910543
910545,910545
910554,910554
910556,910556
910561,910561
910578,910578
910611,910611
910645,910645910645
910657,910657
910669,910669
910673,910673
910680,910680
910979,910979
910983,910983
910995,9242000001
910996,9242000018
911005,911005
911008,911008
911011,911011
911021,911021
911022,911022
911030,911030
911057,911057
911058,911058
911076,911076
911081,911081
911084,911084
911119,911119
911120,911120
911325,9870907225
911328,911328
911336,911336
911340,911340911340
911369,911369
911399,9870920265
911402,9416621904084
911412,911412
911437,911437
911440,911440
911474,911474
911475,911475
911515,911515
911525,911525
911566,911566
911585,911585
911591,911591
911906,911906
911916,911916
911938,911938
911939,911939
911949,911949
911966,9880302170
911973,911973
911984,911984
911989,911989
911994,911994
912002,912002
912007,912007
912055,912055
912082,912082
912094,912094
912097,912097
912098,912098
912431,912431
912432,9479903057
912433,9479902060
912443,912443
912444,912444
912455,912455
912472,912472
912473,912473
912474,912474
912475,912475
912482,912482
912486,912486
912523,912523
912531,912531
912534,912534
912535,912535
912545,912545
912736,912736
912749,912749
912764,912764
912770,912770
912773,912773
912778,912778
912791,912791
912796,912796
912820,912820
912865,912865
912866,912866
912872,9582800164
912873,912873
912882,912882
912886,912886
912890,912890
912906,912906
913138,913138
913149,913149
913163,913163
913171,913171
913199,913199
913212,913212
913233,913233
913243,913243
913244,913244
913249,913249
913261,913261
913262,913262
913266,913266
913271,913271
913286,913286
913328,913328
913331,913331
913503,913503
913519,913519
913522,913522913522
913550,913550
913554,913554
913555,913555
913566,913566
913568,913568
913577,913577
913578,913578
913597,913597
913611,913611
913612,913612
913632,913632
913638,913638
913650,913650913650
913652,9880301103
913785,913785
913790,913790
913791,913791
913800,913800
913809,9358901750
913819,913819
913824,913824
913834,913834
913840,913840
913841,913841
913842,9219604100912
913843,913843
913846,913846
913853,913853
913854,913854
913870,913870
913887,913887
914010,914010
914012,914012
914021,9418589200116
914038,9416504004627
914042,914042
914046,914046914046
914047,914047914047
914048,914048914048
914049,914049
914050,914050
914051,914051
914052,914052
914055,914055
914058,9754617299
914078,914078
914091,914091
914094,914094
914227,914227
914240,914240
914241,914241
914242,914242
914249,914249
914250,914250
914255,9358906750
914256,914256
914257,914257
914263,914263914263
914264,914264
914265,914265
914267,914267
914268,9870902024
914274,914274
914277,9870905210
914285,914285
914444,914444
914450,914450
914473,914473
914499,914499
914500,914500
914501,914501
914503,914503
914507,914507
914514,914514
914516,914516
914519,914519
914531,914531
914533,914533
914541,914541
914542,914542
914543,914543
914544,914544
914663,914663
914667,914667
914672,914672
914675,914675
914686,914686
914687,914687
914688,914688
914692,914692
914693,914693
914697,914697
914698,914698
914704,914704
914716,914716
914717,914717
914727,914727
914734,914734
914735,914735
914854,914854
914856,914856
914858,914858
914859,914859
914860,914860
914863,914863
914865,914865
914875,914875
914876,914876
914879,914879
914880,914880
914886,914886
914890,914890
914891,914891
914893,914893
914897,914897
914909,914909
915038,915038
915042,915042
915048,915048
915049,915049
915050,915050
915056,915056
915057,915057
915069,915069
915071,915071
915081,915081
915082,915082
915086,915086
915089,915089
915093,915093
915096,9479912021
915102,915102
915106,915106
915216,915216
915220,915220
915227,915227
915228,915228
915230,915230
915232,915232
915240,915240
915264,915264
915265,915265
915267,915267
915272,915272
915273,915273
915276,915276
915280,915280
915281,979070002158
915288,9183615794000
915296,915296
915398,915398
915413,915413
915436,915436915436
915438,915438
915441,9865219004
915445,915445
915448,915448
915449,915449
915450,915450
915455,915455
915468,9880301063
915474,915474
915475,915475
915476,915476
915484,915484
915485,915485
915488,915488
915652,915652
915657,915657
915660,915660
915664,915664
915665,915665
915666,915666
915668,915668
915670,915670
915671,915671
915672,915672
915673,915673
915675,915675
915680,9787100157
915682,9787100134
915684,9787100329
915688,915688
915689,915689
915784,915784
915795,915795
915802,915802
915804,915804
915805,915805
915814,915814
915825,915825
915826,915826
915829,915829
915832,915832
915844,915844
915845,915845
915846,915846
915847,915847
915856,915856
915857,915857
915858,915858
915931,915931
915939,9787101402
915948,915948
915959,915959
915964,915964
915977,9181100001
915993,915993
915994,915994
915998,915998
916002,916002
916004,916004
916008,916008
916010,916010
916011,916011
916014,916014
916016,916016
916023,916023
916158,9792191010
916160,916160
916170,916170
916173,9311789001104
916177,916177
916185,916185
916188,9327017000146
916197,916197
916198,916198
916199,916199
916202,916202
916203,916203
916207,916207
916208,9880303171
916209,9880301043
916211,916211
916213,916213
916320,916320
916321,916321
916333,916333
916334,916334
916341,916341
916351,916351
916356,916356
916360,916360
916362,916362
916364,916364
916369,916369
916370,916370
916371,916371
916377,916377
916381,9794100097
916388,916388
916390,916390
916513,916513
916514,916514
916518,916518
916527,916527
916532,916532
916539,916539
916543,916543
916545,916545
916549,916549
916562,916562
916563,916563
916564,916564
916565,916565
916568,916568
916579,916579
916582,916582
916585,916585
916664,916664
916665,916665
916667,916667
916669,916669
916670,916670
916676,916676
916679,916679
916681,916681
916682,916682
916683,916683
916693,916693
916694,916694
916695,916695
916702,916702
916713,9628000100
916716,916716
916719,916719
916783,9787100875
916787,916787
916795,916795
916797,916797
916804,916804
916813,916813
916823,916823
916825,916825
916826,916826
916828,916828
916831,916831
916834,916834
916835,9792193010
916847,916847
916851,916851
916862,916862
916863,916863
916960,916960
916962,916962
916963,916963
916964,916964
916968,916968
916969,916969
916977,979070002417
916980,916980
916981,916981
916984,916984
916986,916986
916992,916992
916993,916993
916994,916994
917000,917000
917001,917001
917002,917002
917086,9492273456
917087,917087
917090,917090
917091,917091
917092,917092
917104,9552901224
917107,917107
917108,917108
917119,917119
917120,917120
917127,917127
917129,917129
917132,917132
917133,917133
917134,917134
917135,917135
917138,917138
917251,917251
917254,917254
917258,9787100564
917259,917259
917262,917262
917266,917266
917269,917269
917272,917272
917275,917275
917276,9870902025
917279,917279
917281,917281
917282,917282
917284,917284
917287,917287
917288,917288
917289,917289
917348,917348
917350,917350
917354,917354
917357,917357
917358,917358
917359,9327017000269
917360,917360
917361,917361
917367,917367
917370,917370
917371,917371
917372,917372
917381,917381
917382,917382
917385,917385
917386,917386
917387,9293100075
917456,917456
917462,917462
917463,917463
917464,917464
917465,917465
917469,917469
917472,917472
917473,917473
917478,9787100446
917482,97871015264
917483,9787101248
917484,9787101216
917490,917490
917492,917492
917495,917495
917500,917500
917501,917501
917555,917555
917557,917557
917562,917562
917563,917563
917567,917567
917568,917568
917569,917569
917572,917572
917574,917574
917575,917575
917576,917576
917578,917578
917579,917579
917581,917581
917585,917585
917586,917586
917587,917587
917656,917656
917657,917657
917669,917669
917673,917673
917677,917677
917678,917678
917682,917682
917683,917683
917687,917687
917688,917688
917689,917689
917690,9357386594
917693,917693
917694,917694
917695,917695
917696,917696
917697,917697
917742,917742
917743,917743
917748,9392400010
917752,917752
917753,917753
917761,917761
917762,917762
917765,917765
917766,917766
917767,917767
917772,917772
917773,917773
917774,917774
917778,917778
917779,917779
917780,917780
917781,917781
917845,917845
917846,917846
917853,917853
917854,917854
917855,917855
917856,917856
917860,917860
917864,9437001433285
917865,917865
917866,917866
917869,917869
917870,917870
917877,917877
917878,917878
917879,917879
917883,917883
917885,917885
917946,917946
917948,917948
917949,917949
917950,917950
917951,917951
917952,917952
917953,917953
917955,917955
917957,917957
917958,917958
917959,917959
917964,917964
917966,917966
917967,917967
917968,917968
917969,917969
917971,917971
918028,918028
918035,918035
918037,918037
918040,918040
918042,9492237542
918043,9492237548
918044,9492237545
918045,918045
918047,918047
918048,918048
918050,918050
918056,918056
918057,918057
918058,918058
918059,918059
918060,918060
918063,918063
918123,918123
918125,918125
918126,918126
918127,918127
918128,918128
918131,918131
918134,918134
918135,918135
918137,918137
918140,918140
918144,918144
918147,918147
918148,918148
918149,918149
918154,9865214002
918155,918155
918156,918156
918213,918213
918215,918215
918218,918218
918222,918222
918223,918223
918224,918224
918229,918229
918233,918233
918234,918234
918235,918235
918237,918237
918242,9910900203
918244,918244
918247,918247
918248,918248
918249,918249
918250,918250
918289,918289
918290,918290
918293,918293
918294,918294
918295,918295
918300,918300
918303,918303
918305,9238232250
918306,918306
918308,918308
918310,918310
918312,918312
918313,918313
918314,918314
918315,918315
918316,918316
918322,918322
918375,918375
918389,918389
918392,918392
918396,918396
918397,9491000040
918399,9491000010
918400,9491000050
918402,918402
918408,918408
918409,9215900009
918411,918411
918414,918414
918415,918415
918416,918416
918421,918421
918424,918424
918426,918426
918470,918470
918471,918471
918472,918472
918473,918473
918474,918474
918475,918475
918476,918476
918479,918479
918480,918480
918481,918481
918482,918482
918483,918483
918484,918484
918485,918485
918486,9768200237
918487,918487
918488,918488
918524,918524
918525,918525
918527,918527
918528,918528
918529,9647300001
918532,918532
918533,918533
918534,918534
918535,918535
918537,918537
918541,918541
918542,918542
918543,918543
918544,918544
918545,918545
918547,918547
918548,918548
918584,918584
918585,918585
918586,918586
918587,918587
918589,918589
918590,918590
918596,9421901925017
918597,918597
918598,918598
918600,918600
918601,918601
918602,918602
918603,918603
918604,918604
918605,918605
918607,918607
918608,918608
918643,918643
918644,918644
918645,918645
918649,918649
918650,918650
918652,918652
918653,918653
918654,918654
918655,918655
918657,918657
918658,918658
918659,918659
918660,918660
918663,9530113123
918664,918664
918665,918665
918669,918669
918702,918702
918703,918703
918704,918704
918705,918705
918706,918706
918709,918709
918716,918716
918718,9837300002
918719,918719
918720,918720
918722,918722
918723,918723
918724,918724
918726,918726
918727,918727
918728,918728
918729,918729
918765,918765
918766,918766
918767,918767
918768,918768
918769,918769
918770,918770
918771,918771
918773,918773
918774,918774
918775,918775
918776,918776
918777,918777
918778,918778
918779,9200000502
918782,918782
918783,918783
918785,918785
918819,918819
918821,918821
918822,918822
918825,918825
918829,918829
918836,918836
918837,918837
918839,918839
918840,918840
918841,918841
918842,918842
918843,918843
918844,918844
918845,918845
918848,918848
918851,918851
918853,918853
918886,918886
918887,918887
918888,918888
918891,918891
918893,918893
918895,918895
918897,918897
918898,918898
918899,918899
918900,918900
918901,918901
918902,918902
918903,918903
918907,918907
918908,918908
918909,918909
918910,918910
918940,918940
918941,918941
918942,918942
918943,918943
918944,918944
918945,9508900095
918946,918946
918949,918949
918950,918950
918951,918951
918953,918953
918954,918954
918955,918955
918956,918956
918957,918957
918958,9947955056
918960,918960
918990,918990
918991,918991
918992,918992
918993,9589340495
918994,918994
918995,918995
918996,918996
918997,918997
918998,918998
919002,919002
919003,919003
919004,919004
919005,919005
919008,919008
919010,919010
919011,919011
919012,919012
919044,919044
919045,919045
919046,919046
919047,919047
919048,919048
919049,919049
919050,919050
919051,919051
919054,919054
919055,919055
919056,919056
919057,919057
919058,919058
919059,919059
919061,919061
919062,9768200256
919063,919063
919100,919100
919102,919102
919103,919103
919104,919104
919105,919105
919106,919106
919107,919107
919108,919108
919109,919109
919110,9589312296
919112,919112
919113,919113
919114,919114
919115,919115
919116,919116
919117,919117
919118,919118
919158,919158
919181,919181
919190,919190
919213,919213
919214,919214
919218,919218
919227,919227
919228,919228
919245,919245
919249,919249
919250,919250
919254,919254
919255,919255
919262,919262
919264,9754640200
919268,919268
919294,919294
919588,919588
919605,919605
919611,919611
919627,919627
919628,919628
919636,919636
919658,919658
919665,919665
919666,919666
919673,919673
919674,919674
919675,919675
919676,919676
919680,919680
919685,919685
919693,919693
919694,919694
919901,919901
919907,919907
919924,919924
919925,919925
919946,919946
919947,919947
919962,919962
919965,919965
919969,919969
919970,919970
920011,920011
920018,920018
920048,920048
920076,920076
920117,920117
920122,920122
920155,920155
920376,920376
920380,920380
920381,920381
920382,920382
920404,920404
920447,920447
920498,920498
920501,920501
920504,920504
920505,920505
920522,920522
920523,920523
920550,920550
920553,920553
920579,920579
920582,920582
920583,920583
920954,920954
920955,920955
920959,920959
920969,9754700025
920977,920977
921014,921014
921024,921024
921036,921036
921063,921063
921085,921085
921092,921092
921098,921098
921129,921129
921134,921134
921136,921136
921139,921139
921162,921162
921220,921220
921222,921222
921235,921235
921236,9552115166
921237,921237
921245,921245
921248,921248
921273,921273
921274,921274
921282,921282
921283,921283
921297,921297
921298,921298
921301,921301
921302,921302
921309,921309
921323,921323
921511,921511
921512,921512
921513,921513
921516,921516
921517,921517
921529,921529
921540,921540
921541,921541
921563,921563
921564,921564
921574,921574
921585,921585
921587,921587
921588,921588
921591,921591
921606,
921607,
921710,921710
921725,921725
921728,921728
921732,921732
921733,921733
921734,921734
921735,921735
921736,921736
921737,921737
921739,921739
921744,921744
921745,921745
921746,921746
921759,921759
921760,921760
921761,921761
921771,921771
921812,921812
921813,921813
921818,921818
921820,921820
921821,921821
921829,921829
921833,921833
921835,921835
921839,921839
921848,921848
921867,921867
921868,921868
921900,921900
921912,921912
921913,921913
921915,921915
921916,921916
922112,922112
922113,922113
922119,922119
922130,922130
922136,922136
922143,922143
922144,922144
922145,922145
922146,922146
922161,922161
922165,922165
922174,922174
922177,922177
922183,922183
922187,922187
922188,922188
922189,922189
922309,922309
922310,922310
922314,922314
922315,922315
922328,922328
922349,922349
922376,922376
922379,922379
922388,922388
922389,922389
922401,922401
922402,922402
922411,9386908382
922433,922433
922448,922448
922457,922457
922458,922458
922618,922618
922626,9991100049
922627,922627
922628,922628
922636,922636
922639,922639
922642,922642
922643,922643
922644,922644
922645,9875600171
922646,922646
922647,922647
922648,922648
922649,922649
922651,922651
922665,922665
922682,922682
922768,922768
922769,922769
922809,922809
922810,922810
922813,922813
922814,922814
922830,922830
922834,922834
922839,922839
922848,922848
922849,922849
922856,922856
922858,922858
922872,922872
922875,922875
922913,922913
922947,922947
923173,923173
923198,923198
923201,923201
923202,923202
923213,923213
923225,923225
923228,923228
923230,923230
923233,923233
923241,923241
923258,923258
923261,923261
923262,923262
923263,923263
923264,923264
923265,923265
923266,923266
923402,923402
923403,923403
923406,923406
923407,923407
923408,923408
923409,923409
923410,923410
923411,923411
923416,923416
923417,923417
923418,923418
923419,923419
923424,9933200030
923425,923425
923426,923426
923427,923427
923428,923428
923545,923545
923546,923546
923547,9353200015
923560,923560
923565,923565
923566,923566
923568,923568
923569,923569
923570,923570
923571,923571
923572,923572
923573,923573
923574,923574
923575,923575
923576,923576
923577,923577
923578,923578
923691,923691
923696,923696
923698,923698
923725,923725
923730,923730
923739,923739
923760,923760
923762,923762
923763,923763
923793,923793
923794,923794
923836,923836
923844,923844
923846,923846
923847,923847
923848,923848
923849,923849
924183,924183
924184,924184
924185,924185
924206,924206
924208,924208
924222,924222
924246,924246
924284,924284
924285,924285
924291,924291
924304,924304
924319,924319
924322,924322
924334,924334
924335,924335
924336,924336
924339,924339
924401,924401
924402,924402
924403,924403
924404,924404
924405,924405
924406,924406
924407,924407
924408,924408
924409,9792187020
924410,924410
924411,924411
924433,924433
924437,9764425561
924438,9764427139
924445,924445
924448,9764487774
924462,924462
924790,
924792,924792
924802,
924813,
924814,
924817,
924818,
924819,
924820,
924821,
924822,
924823,
924824,
924825,
924827,6000800690
924828,6000800692
924865,924865
925182,925182
925208,925208
925238,925238
925244,925244
925245,925245
925269,925269
925270,925270
925271,925271
925272,925272
925273,925273
925274,925274
925275,925275
925276,925276
925277,925277
925278,925278
925279,925279
925280,925280
925385,925385
925386,925386
925387,925387
925401,925401
925402,925402
925403,9386676002
925404,9386653008
925405,925405
925406,925406
925407,925407
925413,
925414,
925416,925416
925421,925421
925422,925422
925423,925423
925439,925439
925515,925515
925516,925516
925517,925517
925518,925518
925525,925525
925526,925526
925527,925527
925528,925528
925529,925529
925530,925530
925531,925531
925533,925533
925536,925536
925543,925543
925549,925549
925558,925558
925559,925559
925797,925797
925798,925798
925799,925799
925800,925800
925806,925806
925811,925811
925829,925829
925830,925830
925831,925831
925848,925848
925854,925854
925855,925855
925902,925902
925933,925933
925947,925947
925957,925957
926002,926002
939974,939974
940066,940066
940094,9479905003
940104,9479904004
940114,9479904001
940124,9479908004
940285,9955200106
940364,940364
940404,940404
940509,9479902018
940514,9479902113
940537,9599100216
940562,9479901040
940563,9679901004
940564,9479901045
940568,9479901002
940570,9479901008
946464,946464
946642,
946647,946647
946648,946648
946649,946649
946658,946658
946673,946673
946675,946675
946682,946682
946694,9628000106
946698,946698
946729,946729
946741,946741
946749,946749
946765,946765
946769,9910900208
946773,946773
946953,946953
946954,946954946954
946973,946973
946979,946979
946982,946982
946985,946985
946988,946988
946999,946999
947000,947000
947001,947001
947002,947002
947003,947003
947004,947004
947019,947019
947027,947027
947036,947036
947055,947055
947280,947280
947287,9920100004
947293,947293
947294,947294
947295,947295
947317,947317
947338,947338
947358,947358
947364,947364
947374,947374
947375,947375
947376,947376
947387,947387
947389,947389
947400,947400
947404,947404
947425,947425
947624,947624
947630,947630
947643,947643
947646,947646
947694,947694
947696,947696
947701,947701
947711,947711
947716,947716
947731,947731
947757,947757
947784,947784
947803,947803
947804,947804
947813,947813
947823,947823
947826,947826
947930,947930
947935,947935
947937,947937
947938,947938
947940,947940
947973,947973
947974,947974
947989,947989
947995,947995
947997,947997
947998,947998
948005,948005
948026,948026
948027,948027
948034,948034
948060,948060
948067,948067
948325,948325
948327,948327
948368,948368
948370,948370
948380,948380
948432,948432
948434,948434
948459,948459
948462,948462
948468,948468
948489,948489
948512,948512
948515,948515
948532,948532
948535,948535
948536,948536
948538,948538
948736,948736
948737,948737
948750,948750
948763,948763
948771,948771
948784,948784
948804,948804
948805,948805
948806,948806
948819,948819
948829,948829
948830,948830
948831,948831
948839,948839
948874,948874
948878,948878
948896,948896
949128,949128
949141,949141
949158,949158
949161,949161
949177,949177
949210,949210
949212,949212
949213,949213
949214,949214
949220,949220
949224,949224
949225,949225
949258,949258
949260,949260
949270,949270
949271,949271
949276,949276
949404,949404
949405,949405
949429,949429
949442,9768200297
949443,949443
949460,949460
949467,949467
949468,949468
949469,949469
949479,949479
949488,949488
949490,949490
949494,949494
949495,949495
949496,949496
949497,949497
949498,949498
949647,949647
949652,949652
949668,949668
949669,949669
949670,949670
949674,949674
949675,949675
949677,9844900810
949678,949678
949687,949687
949700,949700
949706,949706
949712,949712
949713,949713
949714,949714
949717,949717
949718,9768200298
949927,949927
949931,949931
949939,949939
949946,949946
949948,949948
949955,949955
949961,949961
949963,949963
949964,949964
949965,949965
949966,949966
949983,949983
949986,949986
949993,949993
950005,950005
950006,950006
950007,950007
950189,950189
950199,950199
950203,950203
950204,950204
950209,950209
950212,950212
950213,950213
950217,950217
950219,950219
950224,950224
950225,950225
950238,950238
950252,950252
950264,950264
950283,950283
950289,9530113075
950292,950292
950431,99670010108
950432,950432
950435,950435
950437,950437
950445,950445
950447,950447
950456,950456
950464,950464
950470,950470
950471,950471
950476,950476
950488,950488
950489,950489
950490,950490
950491,950491
950492,950492
950505,950505
950645,950645
950652,950652
950655,950655
950659,950659
950667,
950668,950668
950679,950679
950680,950680
950682,950682
950686,950686
950718,950718
950719,950719
950720,950720
950730,
950736,
950737,950737
950745,950745
950925,
950961,950961
950962,950962
950964,950964
950966,950966
950967,950967
950968,950968
950988,950988
950993,950993
950995,950995
951003,951003
951007,951007
951013,951013
951020,951020
951040,951040
951044,951044
951046,951046
951174,951174
951175,951175
951183,951183
951187,951187
951188,951188
951200,951200
951204,951204
951209,951209
951210,951210
951211,951211
951212,951212
951213,951213
951214,951214
951220,951220
951225,951225
951226,951226
951239,951239
951360,951360
951361,9552115142
951365,9552115185
951369,951369
951370,951370
951375,951375
951376,951376
951377,951377
951389,951389
951392,951392
951393,951393
951397,951397
951400,951400
951401,951401
951407,951407
951425,951425
951429,951429
951648,951648
951649,951649
951652,951652
951655,951655
951663,951663
951664,951664
951684,951684
951685,951685
951690,951690
951697,951697
951699,951699
951703,951703
951707,951707
951717,951717
951726,951726
951728,951728
951738,951738
951953,951953
951957,951957
951965,951965
951967,951967
951971,951971
951972,951972
951975,951975
951990,951990
951997,951997
952003,952003
952006,952006
952007,
952011,952011
952013,952013
952018,952018
952021,952021
952025,952025
952179,952179
952185,952185
952200,952200
952207,952207
952209,952209
952219,952219
952220,952220
952229,952229
952233,952233
952265,952265
952274,9966580985
952278,952278
952295,952295
952299,952299
952307,952307
952308,952308
952317,952317
952463,952463
952466,952466
952480,952480
952482,952482
952483,952483
952485,952485
952487,952487
952491,952491
952493,952493
952497,952497
952502,952502
952505,952505
952506,952506
952513,952513
952524,952524
952527,9530113104
952528,952528
952689,952689
952690,952690
952692,952692
952693,952693
952694,952694
952695,952695
952699,952699
952709,952709
952710,952710
952715,952715
952716,952716
952717,952717
952719,9589349978
952731,952731
952741,952741
952772,952772
952790,952790
952927,952927
952931,952931
952936,952936
952947,952947
952949,952949
952950,952950
952964,952964
952976,952976
952979,952979
952981,952981
952982,9918800144
953006,953006
953009,953009
953010,953010
953013,953013
953031,953031
953033,953033
953169,953169
953172,953172
953173,953173
953177,953177
953179,953179
953183,953183
953184,953184
953186,953186
953189,953189
953191,953191
953192,953192
953193,953193
953194,953194
953208,953208
953213,953213
953242,9933200024
953255,953255
953395,953395
953398,953398
953401,953401
953404,953404
953410,953410
953413,953413
953414,953414
953415,953415
953418,953418
953437,953437
953445,999035170176
953447,953447
953449,953449
953459,953459
953481,953481
953491,953491
953495,9911000083
953652,953652
953653,953653
953655,953655
953656,953656
953659,953659
953667,953667
953669,953669
953670,953670
953674,953674
953675,953675
953676,953676
953681,953681
953684,
953686,
953689,953689
953694,953694
953701,953701
953845,953845
953846,953846
953849,9552111771
953850,953850
953854,953854
953859,953859
953864,953864
953871,953871
953875,953875
953889,953889
953892,953892
953893,953893
953894,9565220061
953919,953919
953920,953920
953921,953921
953925,953925
954119,954119
954122,954122
954127,954127
954146,954146
954164,954164
954169,954169
954175,954175
954176,954176
954178,954178
954193,954193
954203,954203
954204,954204
954206,954206
954208,954208
954209,954209
954222,954222
954227,954227
954390,954390
954391,9844900521
954401,954401
954403,954403
954404,954404
954408,954408
954455,954455
954456,954456
954457,954457
954459,954459
954460,954460
954464,954464
954473,954473
954474,954474
954475,954475
954476,954476
954477,954477
954667,954667
954669,954669
954673,954673
954681,954681
954692,954692
954705,954705
954706,954706
954707,954707
954708,954708
954732,954732
954736,954736
954737,954737
954743,954743
954759,954759
954760,954760
954761,954761
954782,954782
954997,954997
954998,954998
954999,954999
955000,955000
955001,955001
955002,955002
955018,955018
955019,955019
955029,955029
955030,955030
955032,955032
955043,955043
955044,955044
955067,955067
955068,955068
955069,955069
955075,955075
955213,955213
955214,955214
955215,955215
955216,955216
955221,955221
955223,955223
955225,955225
955226,955226
955228,955228
955232,955232
955233,955233
955234,955234
955235,955235
955236,955236
955237,955237
955238,955238
955239,955239
955333,955333
955343,955343
955344,955344
955345,955345
955347,955347
955348,955348
955349,955349
955350,955350
955351,955351
955352,955352
955353,955353
955354,955354
955355,955355
955358,955358
955359,955359
955363,955363
955365,955365
955558,955558
955561,955561
955572,955572
955578,955578
955581,955581
955589,955589
955593,955593
955610,955610
955616,955616
955617,955617
955621,955621
955625,955625
955627,955627
955630,955630
955631,955631
955633,955633
955652,955652
955790,955790
955791,955791
955792,955792
955793,955793
958084,958084
960265,960265
960344,960344
961344,961344
961374,961374
961435,961435
962964,962964
962974,962974
963324,963324
963664,963664
963945,963945
963964,963964
964484,964484
975317,975317
975507,975507
975514,975514
975515,975515975515
975714,975714
975905,975905
975984,975984
977037,977037
977124,977124
977327,977327
977372,977372
977374,977374
978094,978094
978183,978183
978197,978197978197
978234,978234
978414,978414
986614,986614
986627,986627
987287,987287
987557,987557
987654,987654
987804,987804
988144,988144
988168,988168
988184,988184
988334,988334
988337,988337
988354,988354
988547,988547
988561,988561
988795,988795
989012,989012
989013,989013
989162,989162
989170,989170
989177,989177
989178,989178
989179,989179
989191,989191
989193,989193
989199,989199
989206,989206
989213,989213
989214,989214
989221,989221
989228,989228
989229,989229
989235,989235
989237,989237
989240,989240
989331,989331
989337,989337
989338,989338
989342,989342
989351,989351
989356,989356
989359,989359
989361,989361
989362,989362
989365,989365
989367,989367
989368,989368
989369,989369
989372,989372
989373,989373
989379,989379
989380,989380
989421,989421
989428,989428
989429,989429
989432,989432
989434,989434
989438,989438
989443,989443
989446,989446
989448,989448
989450,989450
989451,989451
989452,989452
989455,989455
989457,989457
989458,989458
989461,989461
989462,989462
